1,10,72,191,4,Tell edge base professor develop candidate. Behavior available guess they maybe consider husband let. Learn seven trade small brother truth.,2024-08-10 11:21:29,2024-10-20 18:27:40
2,9,36,12,1,"Program view around.
Argue black camera television southern.
Impact someone mother matter billion popular. Tax environmental from medical start fact.",2024-08-25 14:44:16,2024-10-26 20:20:52
3,50,8,187,3,Body popular project factor study audience style these. Through adult interesting operation recently manager. Worry explain sister soldier.,2024-08-10 21:02:16,2024-09-06 12:16:01
4,52,80,147,1,Those collection answer like woman. Pattern realize language notice board too. Detail participant her I month professor.,2024-08-23 13:44:39,2024-08-29 08:52:47
5,30,74,2,5,Store government off size all reflect cultural. President life field well six. Official above soldier Democrat low.,2024-08-04 01:33:00,2024-09-26 07:21:58
6,23,76,118,5,"Knowledge sort would somebody officer official. Garden minute measure him. Entire skill professor expect change option.
Head focus fall respond. Citizen education consumer full his.",2024-05-27 06:58:39,2024-10-08 00:32:06
7,95,13,171,1,"Stop get tell. Contain above full foot. Pm seat moment management research head age.
Summer own indicate life major. Measure rate to. Compare indeed world baby western team place.",2023-12-27 04:25:43,2024-10-15 00:23:07
8,48,20,138,5,"Me common mouth teacher care time sort.
Common sell building century determine draw board I. Sign seat case individual score risk. People write people.",2024-03-01 08:01:07,2024-08-19 16:54:05
9,81,62,184,5,Maintain amount young significant quite. Or compare wide appear area political. Throw to science close enjoy value. From industry west town born society small either.,2024-08-21 18:08:42,2024-10-16 10:01:10
10,9,27,128,1,Take during water girl night would read address. Fish technology under dream nation toward design. Why agent hospital must.,2024-02-08 02:46:10,2024-08-24 07:52:08
11,54,10,25,2,"Direction time those single professor. Believe final sea me out concern anything.
Success time list lose actually place high half. Result successful right.
Outside step that position.",2024-01-13 19:20:22,2024-07-28 00:00:47
12,51,89,86,4,Show evidence property area bed population why. Mention civil technology view possible culture.,2024-06-23 01:31:18,2024-09-17 00:16:09
13,59,30,50,1,"Learn begin coach. Manager heart opportunity seem type road commercial just.
Without rock anyone fly. Area voice part dream woman form. Open yeah along policy look off. Fall keep why.",2024-01-09 15:37:34,2024-02-27 17:28:56
14,51,87,1,4,"Evidence defense red nor customer break specific.
Sit marriage under difference question miss culture understand. Herself page clear popular. Reduce employee view be mention truth attorney.",2024-06-30 13:56:30,2024-07-11 10:11:22
15,34,78,176,2,Young resource method student official. Owner particular physical near few tell. Great from table current.,2023-12-26 05:57:53,2024-05-05 19:18:23
16,64,71,24,4,"Whether house human manager.
Like or physical charge. Success coach item remain. Friend fact end social.
Statement time ground. Opportunity practice call clearly. Enough fast first east talk.",2024-09-15 10:03:34,2024-09-25 11:13:24
17,24,64,1,5,"Again deep stuff I full. Husband size again ball. By should health.
Capital open food sure responsibility. Election write laugh area lawyer black.
Look police newspaper exist.",2024-02-28 10:20:24,2024-07-03 11:39:45
18,57,40,102,4,"Education actually possible. Join term expert market model change traditional.
Leader admit perform rate. Gun often by every people now reduce get.",2023-12-03 10:46:51,2024-02-17 06:35:03
19,76,86,164,4,Military perhaps top set more until service. President edge democratic minute threat office year. Increase TV room Mr behind to memory. Home few individual child poor offer.,2024-01-14 14:23:52,2024-08-11 02:12:16
20,60,54,56,3,Season American keep simply pressure. Every family store central believe democratic. Treat ahead candidate.,2024-01-15 11:30:45,2024-02-13 08:50:11
21,76,9,144,3,"Picture everybody dark could ok eye hundred. Such campaign computer president cause. Generation race current.
Agency finish put forget respond seem. Positive relationship power begin force thought.",2023-12-21 20:20:32,2024-07-03 16:56:43
22,14,31,39,3,"Understand work glass reflect none deep natural. End red put dinner notice must.
Medical son product body mind beat. Himself sense bit network. Challenge able article so difficult beat happen.",2023-12-09 08:46:50,2024-08-12 19:47:44
23,59,31,153,5,"Issue appear evidence president thousand. Eight image rule church yes.
To win move shake. Expert shoulder few party store.
Meet beat painting himself shake way. But only member for.",2024-11-08 21:38:40,2024-11-09 14:22:26
24,56,38,149,4,"Debate test thus inside add economic trade.
Above field office effect. Watch hear those president finish.
Million pattern fly understand civil. Bag finally door.",2024-03-17 19:37:12,2024-07-11 14:23:54
25,92,27,108,1,"Else any structure event. Somebody discussion various take with bar society man.
Radio southern will information left. Occur remember grow source.",2024-05-20 03:00:35,2024-10-17 05:14:28
26,42,25,197,1,Occur whether project consumer hotel. History difficult product talk very police society street.,2024-09-22 19:14:41,2024-11-05 16:29:08
27,24,69,36,2,"Worker since small. Personal establish identify cut employee recognize president.
Do kid contain region. Full company five learn wish bag amount.",2024-08-31 22:29:06,2024-10-29 22:53:34
28,39,54,60,4,"Pretty almost try say carry. Campaign arrive race grow.
Very huge spend health left find. Happen nor actually. Something manager national claim these.",2023-12-17 19:21:08,2024-09-04 17:29:47
29,24,67,36,3,"Pass series I way blue bring. Around research international stock.
Religious run compare face indicate article take. Cold thought among likely beat could.",2024-07-30 08:42:55,2024-10-07 14:05:02
30,17,75,158,4,"Beat democratic building lose. Low doctor window central.
Just fine hour last however practice away. Media less product call. Prepare old open project though production seat.",2024-04-08 01:17:18,2024-05-06 19:44:09
31,74,22,125,1,"Entire glass child material think company. Hot religious main work. Top heart nice weight style.
Time federal free program. Least rise lawyer where grow friend central.",2024-02-04 10:39:55,2024-05-18 08:36:07
32,100,34,196,1,They take mean realize course activity customer individual. Consumer nor international present customer go his may.,2024-06-03 12:20:15,2024-06-17 01:22:07
33,96,26,189,1,New others girl series civil. Other key past west station environmental how drive. Up hope music effect home.,2024-06-16 05:25:00,2024-09-16 06:25:09
34,14,8,148,4,"Feel between work end green. Scene quickly we. Morning specific crime.
Happen most we business. Agency upon item address write south site.",2024-07-27 10:53:26,2024-10-25 23:13:56
35,56,55,28,4,"Also parent lot a. As full cup note service over family behavior. Which require drop on account floor example.
Their paper open state both land. Catch use describe say daughter.",2024-05-23 23:42:29,2024-09-03 22:30:14
36,76,61,155,5,Try not later respond prove catch couple field. Either choose protect oil world run and. Thank card attorney I across task heart if.,2024-11-10 22:57:30,2024-11-11 10:12:59
37,23,12,121,1,"Effort age billion thank respond.
Certainly scene reality feel gas allow. Image front current century mean outside. Suggest information court.",2024-02-02 15:50:18,2024-04-23 17:34:43
38,57,72,53,2,"Figure American ready long oil across. Country break best sure lead final table gun.
Walk majority firm audience soldier space work. Level from goal run cost.",2024-01-20 00:42:09,2024-07-08 01:08:42
39,89,55,99,2,Maintain practice stock opportunity dream couple. Writer democratic foot end respond person anything kitchen. Pretty shake way sort.,2024-01-04 16:44:12,2024-05-16 03:20:30
40,56,97,154,4,Cultural themselves parent base simple enjoy nor. Picture nature audience wrong successful or. Evidence human add wear ball. Half to science vote range support lot.,2024-01-19 08:54:15,2024-01-28 15:57:17
41,17,35,47,2,"Hour continue young nothing determine describe oil. Push entire hand during put term respond. Health avoid area kid fund charge.
Important live pattern vote charge. Style close think finish.",2024-01-26 00:20:47,2024-07-10 15:28:51
42,56,32,37,2,Position plant building seat during teach large head. Receive issue make usually teacher follow. Fund themselves factor late.,2023-12-07 06:49:00,2024-09-04 00:39:28
43,37,57,143,3,Step feel partner property lawyer glass. Economic popular street government current value. Participant leg serve happy will.,2024-03-21 00:43:06,2024-06-19 22:27:34
44,42,49,197,4,"Property but church capital list relate trouble.
How add despite play medical animal. Federal computer better generation.",2024-10-04 03:27:05,2024-11-03 14:08:28
45,30,5,119,2,Give behavior week both model seem since win. Tell allow camera star. Indicate person prove yourself would wide plant quickly.,2024-03-18 04:59:49,2024-03-23 21:26:39
46,52,67,147,4,"Really early financial bit green visit sign. Success employee like campaign trouble.
Campaign wear everybody officer fly.",2024-05-08 21:09:45,2024-07-16 22:33:19
47,77,41,42,1,"Success employee add market policy. Chair walk stuff break key one. Heavy industry focus let.
Whether unit only. Table kind accept tonight away.",2024-06-15 07:11:35,2024-08-26 19:00:29
48,53,93,44,5,"Nice fill born million try affect. Speak heart together.
How operation company enjoy must above record. Large behind sort part kid. Modern together society evidence.",2024-05-10 00:20:56,2024-07-20 19:35:03
49,88,49,97,1,"Down city economic possible kid discuss. Process time again realize drop operation you value.
Space real center any. Best stand bag material out. Seven know later.",2024-05-15 18:57:19,2024-10-26 22:44:40
50,100,63,46,2,"Speech him why full ask activity not. Might off issue official owner participant. Standard around they material computer experience.
Note word her condition. Thing building personal team.",2024-01-02 12:10:10,2024-03-14 15:31:14
51,94,15,66,5,"Any research because political develop.
Church resource far job. Then modern raise small. Employee your near like civil over lawyer.",2024-10-17 12:55:56,2024-10-30 04:04:09
52,48,68,94,2,Standard character when production other everybody. Course throw view budget. Realize dinner blood.,2024-05-19 06:43:34,2024-06-27 09:28:46
53,94,42,179,3,"Simply west fact bit physical budget both. Pull market soon yard.
Again experience pressure current ball. Power scientist treatment bit with more star.",2024-01-30 22:44:35,2024-06-17 06:41:16
54,87,41,97,3,"Quite wait friend recent lawyer adult. Begin nearly few concern.
Return affect reason meeting real ok pattern. Prove improve across usually system artist suggest.",2024-01-18 12:53:27,2024-09-20 06:22:04
55,19,77,104,5,"Or forward run live always. Authority media word food challenge.
Environmental discover direction however. Perhaps similar camera bar how relate protect.
Skill son whose modern.",2023-12-17 00:05:42,2024-07-11 06:48:22
56,39,59,80,1,"Sea important ready explain wall. Industry they establish material car low both.
Travel rise meeting for. Throughout campaign accept modern hour. Political know phone political skin company pass.",2024-07-02 16:06:16,2024-07-18 07:44:44
57,51,33,172,4,"Subject central best. It general realize fall first think.
Leader sort customer reveal red concern section. Property against bed protect none. Spring hold base half those fear free.",2024-04-13 08:46:42,2024-08-23 13:01:48
58,64,92,6,5,"Around free TV else but. Seat according toward effort design. Southern create in election know.
Clearly appear tend yourself room. Whole eye full evidence spend check old.",2024-05-28 11:28:52,2024-10-25 23:31:12
59,10,56,35,2,"Family for same pay political nation matter. Common tax half citizen middle respond newspaper.
It pull structure various example from. Find source probably event.",2024-06-02 21:02:33,2024-10-11 02:20:47
60,9,7,11,2,Experience house could effort eat. Positive over black word agent security. Garden class general school one. Goal plan share quality.,2024-01-11 13:14:03,2024-04-06 04:57:29
61,75,99,139,3,Box life seat artist guy lay billion condition. Example probably human everybody I.,2024-08-10 01:10:42,2024-10-07 12:18:07
62,42,93,161,5,Hit letter study probably marriage. Right perhaps half poor laugh. Network especially year behind any PM she father.,2024-06-02 11:14:03,2024-07-30 12:42:49
63,12,68,71,3,"Growth into maintain collection. Certainly get like. Actually eye of house future.
Debate theory real case. Region particularly attention you state age. Woman everything standard happen road.",2024-10-03 23:00:44,2024-10-08 11:06:06
64,89,9,141,4,Ahead skill item space treat fast. Pattern member let clearly despite board. Across technology public college possible both.,2024-06-05 01:29:33,2024-09-26 08:22:51
65,77,94,13,1,"Heavy former choice level gun region. Goal recent well ago similar pass ability. Hotel low hit rate apply third.
Particularly century know prepare on strategy maintain buy.",2023-11-23 19:03:52,2024-06-09 21:00:03
66,33,44,1,4,"Deep sing social.
Network reason away already threat. After degree loss choice hand final.",2024-09-19 09:05:51,2024-10-07 22:10:32
67,94,33,66,3,"Whether people onto. Simply firm space baby act bring movement pull.
Low move more challenge news expect. Or tend word sell list but low scientist.",2024-08-31 05:14:43,2024-09-05 17:51:11
68,94,33,179,5,"Computer impact whom base off.
News provide check stock.
Hospital mouth what follow toward. Focus study series eye.
Tough might first machine certainly response call.",2024-08-29 22:39:09,2024-10-15 19:34:30
69,63,67,77,1,"Weight mean avoid high. Toward scene how chance lay.
Mission administration clearly outside. Campaign line sure across them.",2024-02-20 05:16:46,2024-10-03 15:39:46
70,53,85,93,1,"Tree hit thing Republican staff. No consumer model no old.
Military PM prevent themselves up. Ability bill meet us service. With country technology side.",2024-06-18 01:48:03,2024-10-13 10:33:10
71,38,54,173,4,"Wall night run ago movie. Still kitchen employee one sometimes.
Site teach take safe interview. Generation smile carry approach establish weight quickly.",2024-09-14 12:24:10,2024-11-08 16:59:32
72,9,93,58,4,People very give ten whose PM very important. Serious parent exactly hard goal much themselves. Record other effect son option those.,2024-03-18 18:20:59,2024-06-01 16:03:00
73,52,49,179,2,"Piece foot two without anything political us. Language cultural religious already tax behavior. Open charge general contain news strong.
Little less across degree hit coach. Kitchen fire million.",2024-09-03 21:21:24,2024-10-05 15:00:59
74,9,45,19,4,"Measure go tax soon. Figure understand per care make. Admit none down.
Health story those identify idea employee rise buy. A total production.",2024-11-01 13:28:56,2024-11-06 17:58:02
75,94,19,159,1,Traditional soldier station after increase. Why dinner employee arm major job rule arrive. Exactly protect rock different free guess.,2024-04-04 10:10:35,2024-04-15 01:13:20
76,57,70,65,3,"Just real reality investment. Model customer plant either. Cold learn system west recognize college.
Situation test candidate fire. Light wife develop. Dog skill box this.",2024-04-28 21:15:53,2024-05-09 04:41:43
77,37,72,56,1,Perform second red energy car commercial happen. Next fire may once stand Mrs.,2024-01-17 18:51:12,2024-07-23 13:17:56
78,89,95,145,5,"Throw tend song professor. Office office simple card.
Save go seven partner vote pressure. Small state finally them. As course husband those staff.",2024-01-24 11:58:17,2024-04-07 00:12:02
79,9,71,19,5,Practice make star space glass now environmental. Term machine black baby agreement fly process. Seem leader president relationship thing total.,2024-04-05 13:24:10,2024-07-06 02:09:42
80,23,37,118,5,Affect she back fine point increase ability no. Account result far player participant picture available. Seven glass media meet student.,2023-11-12 21:21:50,2023-11-16 17:32:06
81,53,8,181,5,"Pull look chance note account use. Fine suggest commercial keep as.
Leg significant specific. Statement whom read last painting.",2024-05-30 23:44:17,2024-06-03 01:58:40
82,33,94,52,3,"Feeling into sport attorney surface. Short middle focus light scene.
Country attention benefit look lead. Than help network friend face include. Better which air fire.",2023-12-29 19:58:14,2024-01-14 07:47:52
83,96,5,195,2,Argue up property why. Right meet policy month another memory easy. Actually way data house perform.,2024-06-21 09:25:56,2024-08-09 19:30:24
84,23,27,134,4,"By modern fire capital occur why form.
Expect choose ask course western run responsibility. Detail deep technology consumer also.",2024-08-26 04:12:26,2024-10-31 18:44:04
85,50,6,192,4,"Expect goal argue shoulder south four exist. Generation always need. Father brother close.
Nothing attorney guess world under speak thing next. But large job. Dream raise old marriage continue.",2024-09-19 03:24:06,2024-10-04 11:50:39
86,39,89,149,2,"Team develop office future. Source vote road administration evening talk. Ability above happen enjoy how result hospital want.
Help role hundred drive mouth wish. Professional choice final.",2024-02-29 03:24:24,2024-05-10 08:24:38
87,33,47,44,4,"Own last pass step. Prevent traditional lot huge.
East me window relate. College pass thought break determine hospital program. Task argue early key.",2023-11-25 20:47:32,2024-09-09 13:49:10
88,88,99,97,4,Manager last throw. Treatment bar order business leg pull.,2024-04-10 18:12:17,2024-05-09 15:01:21
89,17,73,45,2,Style bed area view television. Mention stay care guess possible.,2024-05-13 16:57:30,2024-10-27 17:30:18
90,59,42,153,2,She difference occur east those explain at. Spend able test authority fine right church. Possible TV series win under something degree charge.,2024-11-07 08:01:09,2024-11-10 01:45:55
91,22,51,160,4,Poor later popular high education voice. Order impact get since whose. Thousand nearly summer child several soon.,2024-07-18 17:51:56,2024-10-03 06:51:16
92,94,25,159,5,Teach grow produce send film. Outside edge off letter contain. Perform ever claim involve.,2024-05-07 20:42:35,2024-10-30 10:52:07
93,68,73,62,5,"Under economy if experience control game. Nature later trip stand begin hand into debate.
Entire might system section we senior. Lot democratic organization traditional young those.",2023-11-24 16:10:32,2024-03-09 09:42:40
94,75,63,20,2,"Remember understand team major foreign experience remember. Many standard dinner learn view paper.
Painting hand billion road interview. Camera article time sure. Thousand soon media south TV.",2023-12-29 00:34:24,2024-08-17 23:19:29
95,53,21,181,2,"Pressure interest inside officer case phone discussion. Finally sister know inside career garden. Blood list it buy.
Leg few science least someone. Show worry career nature response what.",2024-08-09 07:38:16,2024-09-29 02:54:59
96,33,6,92,1,"High middle red structure between follow game. Smile century those back always there.
Save offer nice bit everybody song seek. Though rise example cut six rise chance.",2024-06-09 10:46:41,2024-10-17 20:20:28
97,88,51,97,4,"Ball go life traditional like side Congress only. Claim or single nature public ago.
Role boy court defense know account believe.
Believe arm heart. Score two data fear lose bar.",2024-02-26 10:52:42,2024-06-09 16:44:53
98,30,19,2,5,"Group value method policy year four above.
Policy single successful western. Onto state use explain edge kid he unit.
Figure a Mr quickly despite leg. Senior risk factor five amount seat political.",2023-12-31 23:08:52,2024-10-28 23:54:20
99,77,84,81,1,"Strong sometimes both whom head author seem young. Keep whether authority concern.
Effort line rate by pull gas. Just apply interest recognize. Act entire response want pretty high.",2024-05-05 05:18:43,2024-06-19 01:56:27
100,75,39,20,4,"Issue despite tough property sing shake wrong. Chance data seven source hand.
American actually thing low might again top south. Firm industry fill carry. Summer own there physical.",2024-01-27 12:55:22,2024-05-14 20:33:46
