1,achang@example.org,Jonathan,Dixon,"5938 Juan Throughway Apt. 948, West Corey, CA 90152",pbkdf2:sha256:600000$02y7ZBlnZYapsXw6$39f45a15a6d648047d7774fd81950249e39c4e355113639c7808f62ac40982ff,844.42,KPRD56593877840801,Jonathan Dixon,FALSE,Ability management test during foot that course nothing. Sound central myself before year. Your majority feeling fact by four two.
2,sheltondavid@example.org,Sandra,Kirby,"PSC 8684, Box 8339, APO AA 76482",pbkdf2:sha256:600000$YL3IHYogV1DuC2B5$ff48171a88827d3a7263696c75d9ffda505cb3b30f9f32023abf1348e28c75bc,40.48,IOPV51591795330413,Sandra Kirby,FALSE,"Forward staff beyond chair. And off travel move quite. Buy country store.
Before street break painting create wife. Look road article quickly."
3,tammybrown@example.net,Eric,Martin,"720 Maldonado Port, Deborahfurt, MP 86696",pbkdf2:sha256:600000$dj6Ig0gManYu45Zn$f04bb13cfdedeb11fa14e103476af4035babdf61680de7817611291951e19b4e,404.93,IERW07150842375945,Eric Martin,FALSE,"Car financial security stock ball organization recognize civil. Pm her then nothing increase. The nothing sign remember close ask. Land those traditional page.
Manager fine level."
4,davidbanks@example.com,Joshua,Good,"104 Marsh Crescent Suite 285, Port Erictown, AZ 05830",pbkdf2:sha256:600000$dadLW5wdNcDbq6ML$ac595af02c52ee118558eac0291af56d0ec2b967a78bb60e5aa0c231bb9583c2,967.8,GVIR55909776582369,Joshua Good,FALSE,"Catch even front. Responsibility full per among clearly word.
House nature fall long dream answer. Tax rock few structure.
Board night loss front something speech. Look record interview few."
5,longapril@example.com,Samantha,Kramer,"1534 Ryan Knolls, North Lynntown, MH 69420",pbkdf2:sha256:600000$Z4uaX5Mgh69cMSmP$dc3bba91abf3dbfcd325c00f482dcf39fcef67f3b55b8756d587d32a386f6948,583.38,OYVG17643039213765,Samantha Kramer,TRUE,Bit other maintain nor. There many true follow marriage material. Myself use act relationship section.
6,berryerika@example.net,Katherine,Mooney,"8967 Lawson Fort, Lake Nicoleburgh, ME 66935",pbkdf2:sha256:600000$27Rm0frAaIjyqE1w$ba2ae65a3ebc21c793d8a851b03195ff90fe2099dc42ca6d69ebc6722bfdb188,504.69,SIKC74466602234500,Katherine Mooney,FALSE,Cell three own bank recognize special. In partner hit another likely character. Our car food.
7,benjaminmyers@example.com,Katherine,Gibson,"07408 Jerry Trail, Hunterville, FL 56333",pbkdf2:sha256:600000$ecuFArsapVrCxTS6$7e390164cceac733d8f37be8754e66b83a5b6b3652199627f32f4972fedc7c15,139.75,SNCD61162076607541,Katherine Gibson,TRUE,"Building reality generation concern. Standard audience throw debate daughter. Security fall ready usually.
Cost both general where. Agreement decade friend which."
8,nathan02@example.net,Andrew,Miller,"8629 Evans Knoll Apt. 375, South Rickychester, VA 42531",pbkdf2:sha256:600000$1RlFJGiLqtqcmQZe$73e764c95e1916f93a9866bbae639dde6529d84ab6a2454aed381b23824474d9,618.37,OGLJ71214189276266,Andrew Miller,FALSE,Where future model green place. Low data ability recognize.
9,johnsonlaura@example.com,Amanda,Wilson,"64482 Amanda Loop, Figueroaview, LA 58482",pbkdf2:sha256:600000$7vOZgqFPUiu2loFp$955e2d8f5f9dd94f87f54ed79f9696687624c03ece953fe3f348a94b956cecd7,987.26,LSUE21166972845763,Amanda Wilson,TRUE,Reason five present art feel seat appear. Democratic green hospital year suffer without rather bank. According American per yourself their record.
10,alexandriaanderson@example.org,Sean,Clarke,"3373 Rebecca Bypass Apt. 125, Lake Danielleburgh, IN 80557",pbkdf2:sha256:600000$u3wK2Atapc9BMDzM$b61f26e4b21cc383285e159a56d9aa4e22487f46ed3ea2b118f1f3286d0f7847,310.15,JTCW84567088697747,Sean Clarke,TRUE,"Entire analysis clear about pressure cell. Quite wife however TV law fund.
Third some follow lay foot agreement and hard. Thank generation study economy rock."
11,dwerner@example.com,David,Miller,"3791 Hansen Village, Williamsburgh, IA 64728",pbkdf2:sha256:600000$Xyb8pNYTwFKBeIyx$f1cf0b3ccdb64f33599441be7558e2402ef49c37d0451ddf9a954676ad5b6702,898.84,HEIL56184983478978,David Miller,FALSE,Discussion budget situation between run. Design they young according movement.
12,michael02@example.com,Eric,Thompson,"Unit 2379 Box 3323, DPO AA 46830",pbkdf2:sha256:600000$PNRYmVPBGOb9MAKA$370130d8b49f83a629227a76456d045245c06b093222576297bc0f5192b1d8bb,472.14,TSEU71908957740382,Eric Thompson,TRUE,"National region bad case I course first. Himself arrive although risk which. Television protect process difficult general class.
Of around piece government make article."
13,wgraham@example.com,Gregory,Murphy,"Unit 6606 Box 4887, DPO AE 74521",pbkdf2:sha256:600000$21XFfjl2uVas457Y$a2a49cd9c92c26cec438a0f8e8923c3dfba09809eeca92b6fc992aa45dc840f6,353.79,DNMF08298215323028,Gregory Murphy,FALSE,"Interview ten billion pick. Past always future scene.
Personal threat many. Fall character door green save identify. Sound war address morning explain."
14,kathrynblack@example.com,Tiffany,Bonilla,"98522 Mathis Viaduct Apt. 909, West Michael, SC 38960",pbkdf2:sha256:600000$AlRHhFLs1dV4vCbJ$c3bb6b5f0ff7ed2dd103897e9940ff8b0e5dfd2bf389868dbdc2d8c263d293af,610.89,KPZM96202907250749,Tiffany Bonilla,TRUE,Nature interest wear community. As police often walk.
15,coxtina@example.org,Erin,Mccoy,"39342 Miller Mission Apt. 781, East Scott, CA 56435",pbkdf2:sha256:600000$JP1kF8urBpfCTSqE$70ce7a6849c9cfff0af3cf5871858eba9dfcc5da6c83de01a31d67cfb1391355,966.61,UMII65951407043666,Erin Mccoy,FALSE,"Recent state old great notice north. Foreign agency list miss among. Ten guess attorney response provide likely fire. Fire town worker.
Provide other identify fill art by. Treat relate respond rich."
16,jlutz@example.com,Angela,Johnson,"1379 Lisa Pike, Lake Matthew, SD 18179",pbkdf2:sha256:600000$6pHF9k5emqJ4Jg5j$32bf963200bfe66ce77c1a962af18d6694e5a49e315225ad0b6cafee11036849,442.69,PYRB81850116959756,Angela Johnson,FALSE,"Would technology budget first age safe. Full parent analysis. Recognize someone treatment over.
Truth unit impact key page per. Public none sound include air."
17,dalvarez@example.net,Michelle,Gibbs,"81155 Thomas Bypass Apt. 840, South Matthewside, UT 19753",pbkdf2:sha256:600000$jecPwUJuOlWd1vIa$57cb809b2d1fd02539da12599f6eb58de8f2eaa1c8892484176a3b681625fb60,62.28,FFYF39507603345235,Michelle Gibbs,TRUE,"There leg theory case. Side class on reach responsibility commercial chance.
Member although since born particularly sing."
18,lsanders@example.org,Mary,Bolton,"099 Mcdowell Harbor Apt. 956, New Natalieton, FL 94017",pbkdf2:sha256:600000$QYPFaO6S931hcqLS$77c6c564a4ed16b6ae60f2e330e59983c185adaf38d87d3aa84895c389509079,93.27,MAYN66179722576294,Mary Bolton,FALSE,"Value generation pick she. Million approach theory election rich foot herself among. Issue radio especially road get car party.
Issue huge away. Sing nation network college."
19,matthewmason@example.com,Amanda,Thomas,"65678 Oconnell Lodge Apt. 220, Lake Kimberlyborough, PA 84950",pbkdf2:sha256:600000$W54D68Z1jlsficAe$eeb9b35e2959f62eed8b81a9c3c475c7bfb1ce436f0c0253c792a84ab52451fb,710.25,TQDI92610015751759,Amanda Thomas,TRUE,"Speech director city necessary thus sister meet. Ago poor coach year.
Produce just raise enough onto try commercial kid. Trouble upon beautiful. If do them although per environmental medical nearly."
20,brendagonzalez@example.org,Michelle,Grant,"178 Baxter Junctions Apt. 033, Robersonport, KY 29941",pbkdf2:sha256:600000$LVuSajY2A7P707DK$067cfc22b5c97f63e0f211c1d7e8490af7f8132c7a5193957fc116f36d948311,611.9,APLQ51149635623437,Michelle Grant,FALSE,"His can sing husband matter. Director remember place grow everyone win should. Term look fact land general.
Upon full director race. Let left very your stock determine."
21,reyesadam@example.org,Lorraine,Obrien,"PSC 1730, Box 8961, APO AP 23718",pbkdf2:sha256:600000$C5mUtDtzhb5LvY4I$8ebaac13cf68895206c85fca050fbadb7a00e19bbaae6446137e807f6c81ba6b,243.91,HHNM70636094095557,Lorraine Obrien,FALSE,"Military edge billion billion agency center sign career. Of process cut meet build.
Buy throw like lawyer fund indicate help. Measure star tell law go simple improve."
22,shaheric@example.org,Matthew,Howell,"3673 Peter Turnpike Suite 835, New Sandra, VT 78421",pbkdf2:sha256:600000$YephQv9xY0eZ40tJ$aabbdd1ffdbb6129fee2222ecb1325a11b0a47d54d4bd18cb0ad86d703ca4b68,703.64,SNEU97939703795830,Matthew Howell,TRUE,"Care kitchen purpose difference.
International position write those full rate clear. Successful response hospital wrong fish yeah attack."
23,ofernandez@example.org,Susan,Barnett,"6881 Cassidy Street Suite 036, Larrytown, WI 31843",pbkdf2:sha256:600000$5x253IvMmqt7OuTE$b16202aa5a91648d1a7f0e6a061576999f586728972f3522cd5c552aa458e8ce,191.07,TASQ52741974366853,Susan Barnett,TRUE,Very analysis firm once machine. Look floor role agency its professor while. Those budget involve all. Enough break factor pattern PM.
24,toddmeyer@example.org,Michael,Grant,"363 Bailey Grove, Terriside, PR 26819",pbkdf2:sha256:600000$hgB7V9AUfM4kNg6h$5c0e0f18a88fc71a30cfd22bb4b8925f03e61a3a5dd7f9d00ce1200fa4de0656,238.62,GOKE48015450190412,Michael Grant,TRUE,"Mention get last increase mother. But order leg food fast pick.
Age account suffer. That product first natural.
Situation eat thousand. Cause others skill industry old effect fine."
25,rosevincent@example.com,Richard,Ruiz,"USS Martin, FPO AP 47333",pbkdf2:sha256:600000$G95sd6iZhc4ZjJkg$ad3353fcfd64a0657fd0f2a547a090993b68bb25069f8ff773bf88e1d90dabd6,803.18,GHEH42284802362382,Richard Ruiz,FALSE,"Seat model similar sometimes. Reveal so suggest. Include herself hold his. Manage camera beat activity stay bank which.
Late every include generation how risk. Only scientist teach seven."
26,alexander25@example.net,Michael,Gallegos,"07396 Wells Mill Apt. 745, Melissafurt, MO 76359",pbkdf2:sha256:600000$xwDTyMZ0nyC2jGnS$4470128498b4f838ba8665b3206bf89188e28b6816f8049e49e3ff2f75088c00,91.22,MWQJ93363482829888,Michael Gallegos,FALSE,Else feeling trade money smile create. Learn attention cut billion eight. Stay describe time.
27,wheelerjoseph@example.net,Jason,Mccall,"72998 Willis Wall, North Brian, MH 79731",pbkdf2:sha256:600000$0VSvZuMpULMhtzq1$6048c2292da505acb2e893edad162c36c41f10ca13eace55ace475534dc48cf1,875.09,BUUU28164593052547,Jason Mccall,FALSE,Tree especially position learn senior today mention next. Part instead city type short rather. Once born control white.
28,pamelarussell@example.com,Norma,Edwards,"693 Jason Burgs, New Kimberlyberg, OH 96333",pbkdf2:sha256:600000$3nO1nfVoQ4gZFdgf$3b224f58fce7d70555be816ccf65ab8790c1add231b1994b4713607f23ff3a14,109.06,WJNM80782823921974,Norma Edwards,FALSE,"Deep range ten television model. Then police choice cell.
Voice boy forward science. Study form seem beat debate late. Like money ball keep since my necessary."
29,ohunt@example.net,Benjamin,Reyes,"Unit 5803 Box 9171, DPO AA 57544",pbkdf2:sha256:600000$Cxhww0H9qIzWkpJ2$80cc69244a055fdd1715016b398ec7809ce66cb995652a9773f0ad0a4d408c67,706.56,YTHR08810950525477,Benjamin Reyes,FALSE,"Specific show pressure. Sea thought raise suggest six claim analysis. Moment young close history explain these low.
Your outside wish community kid official within."
30,lharris@example.net,Michael,Wright,"46483 Anthony Island Apt. 033, Port Angela, CO 33380",pbkdf2:sha256:600000$MkSAwEVuVf31cROa$798455f47f6ead0365d15b3d013d0a2975225e31fec7d4b07fea391165652b68,814.47,QJWP65601052498748,Michael Wright,TRUE,Heart watch bed bag wind physical media. Take old former. Yes too dog among believe value fine staff.
31,rachelbeck@example.org,James,Chapman,"241 Conner Street Apt. 023, South Davidfort, ND 05883",pbkdf2:sha256:600000$C22QFpGIZ7AL3UEL$9872f2e5559803ed5c773a0c643e4a3146a2495bd03a8ed9fd5cc0239508c779,963.84,QKHV27573431574589,James Chapman,FALSE,"Experience hotel compare box operation. Might catch that trip.
Energy safe crime social school enter. Heavy anything strategy hope return near."
32,jjones@example.org,Alicia,Robinson,"293 Burke Way, Emilyfort, SC 83115",pbkdf2:sha256:600000$ANxsaIuUEoVgZOJa$06d83747acf55cfefb80c7771e84778942b158e68ac270603caa88704adf5043,444.99,TZAL53037383023771,Alicia Robinson,FALSE,Structure face forget result professor. Theory become buy many partner. Discover carry TV drive. Machine century suddenly.
33,lbell@example.org,Nancy,Jordan,"27862 Kent Mountains, Lake Michaelville, CT 65286",pbkdf2:sha256:600000$6p8uoICZwtAMJydT$341a14018f810f106274940758b828e3fc8e378c2b1fddafc112f6dd36fd7fed,317.05,HQBA91749486231982,Nancy Jordan,TRUE,During difficult religious push the ten will summer. Per attack evidence especially life sister official yeah. Center without around four.
34,tbradshaw@example.org,Sean,Reid,"1527 Paul Row Suite 048, Mcdonaldshire, WA 68338",pbkdf2:sha256:600000$lqkkv5AcRxxlKqop$8e67d7b8c2818afd67904b98130b3757fe9115f4e8593449fd8280336b96a970,290.33,GFAI16437748629742,Sean Reid,TRUE,"Fund remain team body all.
Perform turn form single camera political. Group return line community study."
35,novakaaron@example.com,Karen,Chavez,"974 Sharon Locks Apt. 101, Jennyport, ND 15579",pbkdf2:sha256:600000$1t4Ob1XoxJplq02U$bd4e126f07440508bf13c21b07fe4d9a5958d5a955f7d276e6a1b7939be4412f,821.47,QYJC18940312722742,Karen Chavez,TRUE,"Agree her whether beyond bar shoulder decade. Director population measure student cost policy. Open wife owner.
Message list table scene thing responsibility. General simple cost develop left."
36,jamesprice@example.net,Carolyn,Arnold,"7503 Carlos Curve Apt. 886, Jaredchester, AK 71876",pbkdf2:sha256:600000$YGp3SJ5WLLYOO5e8$dfe69f259d605e4c13be5067d0598c3432342d5871c1773eb7fc020e55b3dd06,612.77,PWXK03946784101566,Carolyn Arnold,FALSE,Executive will network physical play. Child push it why research wind yard. Return few natural fight stand one significant get.
37,lleonard@example.com,Randy,Collins,"2117 Gross Inlet, Petershire, GU 35523",pbkdf2:sha256:600000$EjaTszBO8BziEuef$53798c161de48bc920aae117f46e5a56777f26917b5c562ba8d24f1ec644d76c,476.53,KYOC04374836160015,Randy Collins,TRUE,"Final ability person choose order.
Power one after score career big remember. Since break star various item boy response knowledge."
38,ashleedavis@example.net,Richard,Waters,"8500 Douglas Streets Apt. 221, Navarroberg, KY 34677",pbkdf2:sha256:600000$eJBzm1hbfKcaSnPW$502df2140c52b379b07b38f834f83a59eb4e6c202f21d703875c2c36e4ef41d6,678.72,EBFV55318724531935,Richard Waters,TRUE,"Whatever simple wrong newspaper. Point discuss almost. Mr sing city energy season environment.
Possible account question dinner write usually. Effect unit state plant."
39,jyoung@example.org,Robin,Johnson,"8799 Stuart Key, Davetown, MT 48169",pbkdf2:sha256:600000$jZYSdAdMLI37h41T$50ebbd718297e67a61f6147daacf739d47217e40b63a68258240e79bcd3820c5,876.77,FPHX69039766226673,Robin Johnson,TRUE,"Red citizen notice feeling. Better child computer either.
Mrs interesting less economy fire education. Heart message matter position water. Instead room seven reveal whole."
40,cstewart@example.net,Tina,Burns,"USNV Henry, FPO AP 69307",pbkdf2:sha256:600000$hTciXlRcjNVgfkym$d321b4c118137f14d936c395cc708dc31d7aec6387f32579fdf9f203e4f8eb38,842.46,XZHY05846891428221,Tina Burns,FALSE,"Analysis majority back model cause. None none ball ground candidate life have. Billion beyond quality fill final oil.
Price little identify. Before talk want it manage."
41,ldaniel@example.org,Donna,Martin,"USS Rodriguez, FPO AA 43458",pbkdf2:sha256:600000$Elsz8hB301P391I4$7da201283ca5638f55be251fd79f92749345daf823aacbf6cc75192001f49cc0,837.87,JKYA34228273184106,Donna Martin,FALSE,"Less production religious around both place. Parent behind bank oil describe section.
Top most reflect shake phone positive. End time trouble stay beat PM."
42,morrisjames@example.net,Amy,Keller,"440 Joseph Parkway Apt. 472, North Spencerhaven, OH 80804",pbkdf2:sha256:600000$JVILdMRlq12c90uR$92b7b3ac9ff53d405f518ba39dc764b684652326c75224690eff8d4149c5a3fc,521.79,SRXV66595357280720,Amy Keller,TRUE,"Sure system share body fly find create. Push serve rule thus.
Worry week people worker time decide. Others development account. Scene increase simple as player use through."
43,richard22@example.com,James,Haney,"48829 Doris Crossing, Gileschester, HI 15735",pbkdf2:sha256:600000$cyt0gw8RjpaHiTiL$62100b22dce15d14c0dde334026f8c25e4e6e7c1af83c1a6df99fd51122c3070,849.49,BQBW11922935511672,James Haney,FALSE,"Through data difference others know expert cell. See country response concern. Every put college would from.
How artist gas this. Unit operation foreign loss manage each."
44,rfuentes@example.com,Justin,Sullivan,"24549 Tracy Mills Apt. 952, Aguirreport, PR 23884",pbkdf2:sha256:600000$JW3DmpAFEAjvQQVr$cdb2d3e045b9dbf235c7956aa95af1d99b9f0efb105167a3ac5cdab40d527907,579.7,SZZF16878265285921,Justin Sullivan,FALSE,"Both long toward wife pressure. Agree tax form great education.
Find knowledge treatment. Then say listen miss other. Yard son speech Democrat wife give."
45,ejohnson@example.org,Sara,Jenkins,"135 Galloway Stravenue, Port Gavinburgh, WI 79877",pbkdf2:sha256:600000$E9JKfSgpMjHPAWIA$f1fe536c089ace83bcefcc8a287daa06e28bb512b49bc7336505d8e789619e6e,492.66,STBO43807100932738,Sara Jenkins,FALSE,"Scientist nothing change suffer space a would. Pretty thus society oil activity include.
White step generation beyond nor goal. Study others stand.
Do issue let spend compare of."
46,caitlin06@example.com,William,Mccoy,"7293 Austin Crest, Katherinemouth, VA 40445",pbkdf2:sha256:600000$mu0FASKCNDTZx7EA$650d0a50a195f7cb828b3a29b2dc496973d16527d7328d46cd79ce1206b65031,82.37,ZEFS64061972636628,William Mccoy,TRUE,"This read guy animal pattern direction. Human difference rock music check close agreement. Capital white yet people. National eight she hand.
Democratic know party single technology similar seem."
47,nicholsgail@example.com,Linda,Harris,"86852 Lauren Heights, Gordonport, IA 71147",pbkdf2:sha256:600000$2xFw3YHyAAydwCnh$359680fbf2c885b4b99905d9a3c6187355e8e7948f0360d306982194f49564ea,486.44,SWHC73564512758217,Linda Harris,FALSE,Five particular machine exist improve son less. Attention both hour factor. Interesting phone on far.
48,teresawhite@example.net,Michelle,Cook,"318 Jill Neck Suite 459, East Blakefurt, KS 67637",pbkdf2:sha256:600000$rFDVV8Ay4BYLUzCC$0c8cd417911d8055e154f02c38e739fd95a0efebfee3d1e7ef155a1f90eef706,845.08,WKHS54172017454705,Michelle Cook,TRUE,"Spring room with travel responsibility. Admit who ok final soldier. Nation this fire.
Behavior by prevent news. Send guess you bar development. Fish plan pick again leave plan."
49,narcher@example.net,Maria,Rowe,"12109 Brittany Stream, Chavezmouth, MO 02344",pbkdf2:sha256:600000$bc9PjdGGJzIrXHPK$ce5268526c34755e385572020af5301f0f225c302700d046e87c213a680e92a1,16.21,XTYU85832948469807,Maria Rowe,FALSE,"Easy hotel news film building finish relate. White message laugh billion onto. Follow baby job game according.
Strategy black cultural pull above us. Financial leg might."
50,tvelez@example.com,Alexis,Trevino,"51267 Cervantes Harbors Apt. 287, Greenville, CO 90556",pbkdf2:sha256:600000$uYjBJtT5la7VPm0C$91331473a55840047a1f757504d2056e855127dd99716dad7dcfe6a4eed4027f,117.13,FRBY45550652470884,Alexis Trevino,TRUE,Serious phone avoid stand stop. Store community together far enough ability citizen. Whom box political herself society position.
51,gregorypatrick@example.org,Alice,Johns,"308 Hernandez Stravenue, New Travis, NM 57322",pbkdf2:sha256:600000$5cBirvF0lKgvpLIn$9deeef05641eb06895e49f9df349bba993075b10e9065a75339bdf4f71d4f805,372.06,FOIF05454360012959,Alice Johns,TRUE,"Among move class. Choice cause natural imagine affect explain single share.
Try happen show garden worry put he ask. Guess what edge change structure."
52,matthewtownsend@example.com,Laura,Adams,"3329 Riddle Meadow, Port Aaron, DC 04543",pbkdf2:sha256:600000$ow73CKjIvPq75ODo$33d8493cbef27f7b3984a72ffa705d541a34e40b5aa73ad69186baa10caaf27a,332.54,ONSZ10649360936977,Laura Adams,TRUE,Work upon article compare television fly. Performance city test direction call adult toward. Look give sense fine street make. Even health television perhaps.
53,qcunningham@example.net,Timothy,Stafford,"209 Sandoval Manors Suite 424, Greenbury, WY 61048",pbkdf2:sha256:600000$Ff86Yqqb0mQNUkSJ$642fc7b804f2e3720d0cba5135da6fd98172cb63e9dc15f3cd1ff19bc90b1046,100.61,ZGWF77063846144223,Timothy Stafford,TRUE,"Clearly decide officer sometimes. Bit your education expert.
Everything war he including. Require night personal sure whether visit.
Game interest low. Three onto director interesting wear base."
54,garciaangela@example.org,Marcus,Peters,"53691 Clark Course, Lake Kariberg, KY 31387",pbkdf2:sha256:600000$Ye5Y2sUdBum7itmg$6e1a961a45ebbcb75b40eb4a1326f3092c28867d7a630fdf86b94f8f86e9dd52,855.32,VXFG66330846381955,Marcus Peters,TRUE,"Do often not not produce enter political. Beyond former perform.
Themselves field number benefit lose. Different draw always now life natural."
55,qbell@example.com,Gary,Hardy,"95940 Griffin Forest, Walkershire, MD 03701",pbkdf2:sha256:600000$4EWHHy9oR4pP8lVZ$88f3ad67fe1603991da9ccab2753a9b105b0a69b49e129d446d45d0cbb19af92,45.23,LBNX09800069475086,Gary Hardy,TRUE,Event say son and give source. Per second add picture.
56,andreatran@example.net,Elizabeth,Moore,"46977 Rivera Route, Port Caleb, VI 70581",pbkdf2:sha256:600000$oj07SWr5R0KmBuzi$b8dbf36f7d8e50649c00676a773a7dfd97dcbf7a9a6eb80d73d00b8caac9fc5f,26.7,QHKX43864465531443,Elizabeth Moore,TRUE,"Impact move firm industry let. Ever voice hotel at week.
World police space specific. Across hotel agent clear art. Four interview return American under product."
57,ramoskevin@example.net,Andrew,Owens,"20865 Tiffany Island, Lake Nancyhaven, IN 34436",pbkdf2:sha256:600000$RD1zGqmWtxdcjt2A$53e84efb1b4803dbdf160cae90804d66059e27202021efb9b0f9ee30bda99347,606.34,MBNO72318818386543,Andrew Owens,TRUE,Five purpose everything beautiful. One sort blue since long economic tough also. Computer civil see travel understand term cup. Wear official area agency shoulder protect hard election.
58,bowenmary@example.org,Patrick,Lopez,"6442 Terri Port, Paynemouth, PW 78547",pbkdf2:sha256:600000$NQDHEMz6hV6JM4fy$ea11ea794138786f791f5ba727bf997baf24036ab852abe1fb5725e1c8a9a767,391.21,GRVZ03786288034834,Patrick Lopez,FALSE,"Hand room himself already person strategy large. Among job reality.
Put happen discover she.
Government choice before Democrat among hotel service. Forget crime resource door only. Sit six day."
59,kennethreyes@example.net,Emily,Norris,"3990 Michael Mountain Apt. 441, North Miachester, VI 26796",pbkdf2:sha256:600000$eqUs6chfO1PlurB5$26a0807effca03d4a4e718277d36bc59af1d91edca4c9962a08836828023de35,833.84,PGPR68722087165219,Emily Norris,TRUE,Lay cover majority somebody anything economy. Mrs such job single ability. Attention fact level never view people present. Sell wonder leg kind certain.
60,samuel00@example.org,Rodney,Donaldson,"9314 Glenn Rest Apt. 104, South Kathleen, GA 28948",pbkdf2:sha256:600000$MqvEoIZehTZTHX2r$50242c631179afebcf86fe5a1fad8fcdc3b4139ca9a6b11462f558436935c274,36.39,HUHR00775210900364,Rodney Donaldson,TRUE,"End value new bag rise pick suggest.
Question theory per deep method federal easy. Government big increase interest.
Check head huge standard turn spring impact. All evening process of run firm sell."
61,joseph99@example.net,Erin,Rodriguez,"5450 Riley Union, Joshuatown, DC 64647",pbkdf2:sha256:600000$BOGdvDlhl5kVCyaR$e8b0ae94a615b04dcbf6e56924f2ed3e1d1b66edd691ee2d3982aec21f4a6f4f,194.59,KHGC65812293814860,Erin Rodriguez,TRUE,Democrat or cut level big kind. Goal test finish responsibility recent. Peace the agency to sell positive blood home. Dream surface health heart hold nice.
62,diazfrank@example.com,Robert,Evans,"2727 Robert Roads Suite 510, Lake Michael, TN 27172",pbkdf2:sha256:600000$6ct5DjOuxY2JyJbI$106cc4694974053d5fc475174e37f25946f79f7d135b41389f7ce787cf129581,718.11,DWJL90178930771313,Robert Evans,FALSE,"Cup he father evidence question fund arrive clearly. Run its near really.
You provide fire hear bank main according. Money purpose TV between camera. Offer trip occur accept technology all describe."
63,wolfbarbara@example.net,Jennifer,Williams,"6300 Reyes Freeway Apt. 839, Natalieberg, WY 39069",pbkdf2:sha256:600000$G41bR8Hc1CLcKjkn$8ea45c0ec13fa1066585533eb60c7c7871a8f44f3b7d10f091819fc511eef39b,210.58,RRWF69146319562687,Jennifer Williams,TRUE,"Instead smile happen successful human. Public according understand happen begin actually.
Only world various picture rule. Five admit play avoid few beat. Dog receive wife point."
64,kevin25@example.com,Tammy,Phillips,"97346 Henry Junctions Suite 505, Diazmouth, MH 09329",pbkdf2:sha256:600000$nl6VQfXmec6sQIP2$3817165ccca37f7376626622fd6f1bb56a0824e6b2d1f58e7d5eaf6d65c71a24,936.97,CXRJ49657157680685,Tammy Phillips,TRUE,"Similar age option war partner determine.
Method movie painting then rate. If near energy fund later role change."
65,marydelacruz@example.com,Hannah,Gilbert,"PSC 1430, Box 0517, APO AA 41369",pbkdf2:sha256:600000$bJ58sJzxnbfwl3PZ$55688c77b9b722af45a3631eaaf26d7803012963a42e4875fd14900ab1f7caad,544.24,PMIH85891565182979,Hannah Gilbert,TRUE,Money something move race special away. Election reality population pressure. Rock next week scientist recognize so. Risk agent dark sound again professor operation next.
66,corey05@example.com,Stephen,Patel,"74822 Erica Parkway Apt. 701, Karenchester, MI 30198",pbkdf2:sha256:600000$Sj7afbdczZQeGjEI$2e75a89d0a6af962d38481dcb7baa59f5a6ebd6c5f58882b3405bd1abbff860a,835.9,DNZX79981999740587,Stephen Patel,TRUE,"Rest term tree pass he training one. Social production consider state.
Stock phone success Mrs add type. Thing daughter indicate scientist offer issue long."
67,nicholaswilson@example.com,William,Perez,"38118 Christine Branch, West Sharon, OR 69273",pbkdf2:sha256:600000$IcpXUbVutAqujmKY$4aad1b618bb7d08e8afdd37809fa93c49975c0b7052a9165cd0bc2bc9a132f61,220.83,EJVJ99935427253329,William Perez,FALSE,Here operation participant affect better answer almost. Treatment figure program after last. Program debate ready avoid government interview.
68,nicholsjoshua@example.org,Linda,Gonzales,"821 Bass Ferry, Lake Jordanchester, MH 40302",pbkdf2:sha256:600000$tpJqsPmuLS2iJm5L$58d0e248e2e6e54b733a1eaea3c6be609ffd26a8e75fdcd38e339b6c3ac91897,350.29,GEDV33440128742113,Linda Gonzales,TRUE,Eat capital culture their perhaps bill gun. Concern important son participant tree remember recent. Rest name term turn unit difficult. Spend up simple wind radio less must.
69,troberts@example.com,Adrian,Austin,"90702 Brian Glens, Jessicaland, GU 10999",pbkdf2:sha256:600000$p7c7Ny0SmbSBS66v$72336b6393ac07aefbfb69460a4588511aaeaeda8cbedb0ddde7a2175eef8ab4,61.04,HZST05599708976490,Adrian Austin,FALSE,Go focus information house south environmental. Name suddenly charge world reveal stand election affect.
70,gailmorrow@example.org,Joshua,Watson,"USCGC Lucas, FPO AP 81564",pbkdf2:sha256:600000$8BBbIH2IpEzGn6b8$da75e0f1a9b06fac65830fc94111ac38c38b6a0d0bac7457d2ddd6fea57c337c,39.38,YNGY87513974910013,Joshua Watson,TRUE,"Power fly believe lot result level. Finally pretty well list. Listen professor difficult player last drive economic or.
Body front indicate central himself."
71,christopherwilson@example.net,Tony,Morris,"33582 Ballard Fort, Jameshaven, WV 07670",pbkdf2:sha256:600000$MbMHuQP8pxtkfIgp$1f238f56d120945134f9c6b2449e736d3d4e0271b29a29d039d864ce4581088d,699.32,VMIJ64100923808299,Tony Morris,FALSE,"Civil main also prevent. Though technology there question visit race build decision.
Choice middle fill far. Deal left skill clear development involve."
72,gutierrezcarla@example.org,Anthony,Harper,"45046 Nicholas Street, Karenbury, GA 79485",pbkdf2:sha256:600000$NrTUWC6rLVceUIpj$488fffa79beb01c1cd2770d9cb101978cb6642de3ce515a4af88e68d78fa0ce0,199.36,OMKO82914791248385,Anthony Harper,FALSE,Friend attack guy address chair professor everybody. Sort dream glass raise. Television sense operation without method.
73,christopher23@example.com,Amanda,Brown,"03239 Matthew Trail Suite 459, Marcusport, SC 53582",pbkdf2:sha256:600000$aSvDRUDca9FuSZ0T$fb791dd4da418a6aef1243229527701b8cbfb5f6f179317034ba069d401e42f4,904.4,CWYP95956110289530,Amanda Brown,FALSE,"Billion film himself street local shake dog. Including television argue back although teacher.
Thing few similar. Support road development might focus need statement catch."
74,charles23@example.net,David,Collins,"286 Chelsea Rest Apt. 768, Angelaton, GU 03245",pbkdf2:sha256:600000$EyjKqOSy0j66DmjC$a74ae477879fd00230be4ee9816dae432cf474039f216d51eb357367b209829d,838.33,ITMW23396982203190,David Collins,TRUE,"Boy as among easy describe imagine treatment bank. Because popular hold memory appear yet family represent.
Health good commercial prevent. Practice say behavior indeed marriage."
75,robert57@example.net,Kurt,Brown,"03431 Sarah Field, Ryanmouth, MH 94985",pbkdf2:sha256:600000$xXQQ5pauf3G8HzJE$ba57c447b7cbbb39b2cad9c7c7220cb6c7c88cbbd54b4d35aca6d9549f1e479d,697.7,PTXS63303524308668,Kurt Brown,TRUE,Can beautiful arrive usually can. Most book another chair. Figure kid course risk meeting activity do account.
76,nicole98@example.com,Rachel,Turner,"66315 Nicole Wall Apt. 810, Kellyborough, MA 57604",pbkdf2:sha256:600000$ABAlwmKzhtIqcVFs$c54fee041fbb4205bacee7a7b7f3c13ef970830dce5386e8112209df56552dac,966.55,DBXP64469469220120,Rachel Turner,TRUE,"Hair level job soon husband ground question himself. Yet outside now store over book community. Player need ok much.
Pressure ball financial field. Pay marriage model exist data send."
77,matthew45@example.net,Danielle,Walsh,"639 Jerry Grove Suite 242, Brandonbury, MN 44205",pbkdf2:sha256:600000$VVDb1nFbczbJSSlh$9e23947a566f90c387d8d840b437cbedfcf503c61a75995ce1c5d6f719c78405,788.65,VUDW70427335114774,Danielle Walsh,TRUE,"Wait myself before bring idea beat. Option teach tax year you region list. Hear truth thing store forget.
Better single hundred let believe. Upon summer during leader."
78,pgriffin@example.com,Helen,Perry,"7594 Danny Club Apt. 671, Masseytown, ND 23866",pbkdf2:sha256:600000$wprW6HG7Arpy11Nu$934e035980c8ba74995b1b99673ab31d0d584418ff66517f844f17a2327c2d05,845.42,EYZV68525237621527,Helen Perry,FALSE,"Forward also real federal. Truth one usually type hotel.
Especially since hundred. Father music high far. Recent eye again space body friend central.
Staff better final state."
79,joshua51@example.org,James,Jones,"9761 Jonathan Squares, East Carly, HI 05402",pbkdf2:sha256:600000$R7pVH6s2TIfxY5ka$5a365a09f2bf2101798db254f34a2e38a3935680af2891ed2aec8f636224a86b,529.47,BAGD07143856238892,James Jones,TRUE,"Cut subject morning pay interview Republican. Imagine story middle weight. Common start college wall.
In step guess pattern production face if one. Region different leave act range live along."
80,smithdavid@example.org,Christopher,Anderson,"33791 Michele Pass Suite 279, Johnville, ME 64212",pbkdf2:sha256:600000$uUyjekejfOJl5iae$f8012c20c38cec4c0baec37eb0edfc4c325a5555bfc9e3195011a54e28e13556,596.79,QVWB63679260808389,Christopher Anderson,FALSE,"Since become black. Home deal important current. Require likely improve good.
Red however draw ten reflect. Price trouble if example treatment together.
Fish future property. Face station career."
81,kathycolon@example.com,Alicia,Shea,"062 Marissa Wall, Lake Ashley, IL 63089",pbkdf2:sha256:600000$rzZUINvzMvZLQcf7$587cdaa589e7e51474f3f2df253d9570a0837cc48ae54ba60259edf739eeadc1,665.61,AYMQ81470570722957,Alicia Shea,TRUE,"Base open scene today. Wall significant debate front. Song new natural discuss stay machine.
Culture culture final might before series."
82,brian06@example.com,Adam,Knight,"Unit 2328 Box 9924, DPO AP 57978",pbkdf2:sha256:600000$LMR6XZAaQhjmTbq3$acfc74eb31d0eb8396602784898c70989f8247be72faecce5a00cb282c1070e2,471.63,OEGI21321477502353,Adam Knight,FALSE,"Election could off.
Within threat black president heart. Husband heavy stuff cover training product. Summer the another everything those whose choose."
83,maurice65@example.net,Nicholas,Flores,"3814 Matthew Mount Apt. 878, West Jasonville, KY 43139",pbkdf2:sha256:600000$725vLKqQD3yzGtzG$3b650a56768dc4bd970230f47cbaba40e511f9b860cc6f3e199740220290ae1f,900.1,RAKQ02571936340095,Nicholas Flores,FALSE,Think environmental floor air medical thus ability. Hold leave provide story factor camera agree. Institution probably sort quality author.
84,kimberly38@example.org,Joshua,Poole,"19509 Beck Fords Apt. 879, Chelseabury, MO 97888",pbkdf2:sha256:600000$ZgOvd2z3RIPuWEJj$ac6f04aba35859027dab053e3e81b7da17adfb63686466b14157ee3f879b954d,648.93,ETLY88271375796420,Joshua Poole,FALSE,Would author pressure allow general. Tv sure statement number PM main but. Have threat general.
85,slopez@example.org,Thomas,Grant,"PSC 9803, Box 2156, APO AA 52546",pbkdf2:sha256:600000$XT1M7crMfPuqthKk$8bcb58b201908566a7dc8d9441d5d938f432425be38052cb0b5a8f50a25fc535,837.66,TQMB95224292719599,Thomas Grant,FALSE,"Police identify carry minute parent money huge. Factor kind probably sound policy history.
Marriage kid several scientist. Woman strategy physical campaign."
86,timothy87@example.com,Bethany,Rogers,"490 Christopher Field Apt. 458, New Richard, IA 67790",pbkdf2:sha256:600000$9iguxh1hchrMP9Hi$000add337dde138b178c8a778aea341fc1506df5242c915cb1c7d5c95dbfbb96,153.41,CAYL02467025914266,Bethany Rogers,TRUE,Food sure vote economic gas five world. Image him soldier suddenly myself imagine kitchen. Prepare fight crime water.
87,hoganstephanie@example.net,Matthew,Jones,"59390 Gardner Meadow Suite 671, South Jorgeville, MI 10215",pbkdf2:sha256:600000$4kQFdeWVrwMqGjQk$98e556e1a2784564c978393edfef1fa0eaa5cd5c15cef0ee12a4c63554e92516,457.95,PKQM61890266500925,Matthew Jones,TRUE,"Fact past present fine fear big watch. Already leader it hard according east threat.
Work writer summer color information. Write pattern concern toward fast spring produce general."
88,cherryfelicia@example.net,Walter,Martin,"7546 Boyd Manor, Manningbury, AK 55040",pbkdf2:sha256:600000$8YzSQs6Ily4WQwLt$b17fd3051abdbe13da0797f7633a61ef854bf293ee0d7dd85192a73e8baa27b8,335.92,JTOS97655925497283,Walter Martin,TRUE,"Leader edge clearly voice. Until American need outside who respond plant.
Time option a. Team better court name among hold."
89,joshua50@example.com,Kathleen,Wiley,"021 Margaret Row, Bullockmouth, CT 13695",pbkdf2:sha256:600000$eYBWItogt01kFjFE$5865554a52b8c381f6789c305ff46a4e8b596f65e7a02a7789314b37d6e040d5,544.32,UHKC22837899169838,Kathleen Wiley,TRUE,"Method know not prepare important. General family science though. He wish east.
Sell nature door. First test senior area third. Matter physical identify garden piece sign."
90,sanchezmiranda@example.net,Gregory,Joyce,"910 Leon Centers Apt. 207, East Ryan, AS 84064",pbkdf2:sha256:600000$mBnmyjZTCWWAS4WW$448f9ef083b6d2b35a9c51d6ea6706ef52ce70723116afad7132e9dd0727e522,240.13,BGFR03128036879078,Gregory Joyce,FALSE,Site should keep role company. Avoid less food study hit. State huge his participant.
91,jerry34@example.com,Ryan,Ramirez,"97388 Prince Parks, New Dominiquefort, VI 06316",pbkdf2:sha256:600000$HpbOazuzC5CfHdJM$ee84878f97e4bb7e06facff545802bb93e0e0cf5d9eb62ede954edace58a0520,352.23,AWXT13918326942349,Ryan Ramirez,FALSE,Family challenge effort natural indicate early quality. Single test operation development trip song sure. Model report manage.
92,nicole77@example.net,Michael,Flynn,"312 Kevin Mountain Suite 340, Port Jeremy, MI 44354",pbkdf2:sha256:600000$0jN1nk1rJtUraZ2w$1377c7092635a400cb00d64f416e09aaa5c3a30cf13a2c5f77a5a3f06fe35a86,673.4,ZVSG71743660606173,Michael Flynn,TRUE,Style kind win. Question week along change determine send task. Attention agreement able.
93,istewart@example.com,Brandon,Browning,"137 Brian Mills, East Tanyaton, MH 22598",pbkdf2:sha256:600000$uebSHYoHjIjTHZt5$57bdf54c04421f7ef75d52902645ec877effc5c6f6303db8ddde276020e67055,715.62,OHPD58697933146762,Brandon Browning,FALSE,"Ten page accept spring different. According structure follow attention act hand process.
Nor even common over next.
Because some son yeah whole more understand. Sign politics enter enough."
94,james30@example.org,Deborah,Matthews,"1726 Michael Fall Suite 500, Jasonshire, OH 99068",pbkdf2:sha256:600000$HtWtIdlq6S5GII4M$f5b117b373e98c1554e72a0b7cd188b283cc128a06b7d80d613df07e7f45c806,748.49,FWMT79733579586846,Deborah Matthews,TRUE,"Majority behind record above environmental. Power hour court pretty arm number moment.
Market east movie present people remember."
95,jerry76@example.org,Nicole,Bryan,"11676 Luke Burg, West Mark, OR 86185",pbkdf2:sha256:600000$B20F33PdJDK5u33u$67cdfd65ab5fdb49e171958ad12bf69bcc1078f96755563ee80e1e9dd22dd5de,1.52,HFMQ94416851453965,Nicole Bryan,TRUE,"Phone long scientist. During subject fall.
Edge apply spring blood response heavy movement. Unit charge lead music see business."
96,lhuffman@example.net,Jerry,Conner,"61439 Lopez Corners Apt. 163, Alexisstad, AS 69720",pbkdf2:sha256:600000$1rYS6jP6oRaRzZtL$cd46a5f12244dfd568affa27cc1536e35f5f5ef9d04383ac8cda3943092f0c78,698.58,HSAM02121753924165,Jerry Conner,TRUE,"Water nature boy reach dream truth. Understand others baby dream fall represent.
Important social artist hot work. Sometimes bill both. Expect affect himself."
97,grahamnicholas@example.com,Robert,Murphy,"66274 Robert Islands, North Robert, HI 15719",pbkdf2:sha256:600000$w1VUuri7PSMNPv6Y$8261e41042ebbdfe05157b2705ddfa2d6a193dc0299adcba5ca66e079dc61ab7,239.42,UHXK65523936169893,Robert Murphy,FALSE,"Song onto gun. From opportunity wife travel well give easy.
Some although middle reach plant. Hear edge picture agency. Career whatever ten far available."
98,dennis87@example.net,Jennifer,Sanchez,"3536 Murphy Bridge, West Jerry, MH 39807",pbkdf2:sha256:600000$0btlA3iAwZ1aG6U7$949e5f3c925dda66887a3cb75dab46275db244e8942e1ee891e7eee8fc74dbf7,378.65,EHKE81175913420400,Jennifer Sanchez,FALSE,"Else fish thousand career professor. Politics order indeed group now bill know.
Yet bit knowledge coach. Capital impact case military turn discover crime fear. Some man maybe among everyone."
99,smithlacey@example.org,Michael,Young,"27372 Mark Spur, East Joseland, SC 57890",pbkdf2:sha256:600000$H0ywAwYOsXmG13ia$b19326d17682a73f7a44372a0fcbe26425d7b10ab7541f56811796521df3018c,31.55,QRHN37805164991753,Michael Young,FALSE,"Attention its game follow. Tonight yet most walk.
Gas personal this certainly. Figure customer top just mind mother. Performance policy debate relationship."
100,aroy@example.org,Matthew,Lang,"244 Sonya Centers Apt. 845, Morrisonfurt, VT 30471",pbkdf2:sha256:600000$Cj8xsdJ8iwbP2h44$254d968ddc7cc52da5be61d964413b7867565cb21b03ad7e9c7e77131ee52b2c,772.19,GKPZ52042438961677,Matthew Lang,TRUE,Because account final discover success reach. Congress help cut threat. Suggest wish travel admit allow reduce everybody especially.
